# 43 windows of real detrended PPG, captured from the wrist overnight 2026-08-08 --
# the first night the capture path reached the phone (a u8 sample count could not
# express 256, so every earlier window was discarded as malformed).
# truth_bpm is the dominant spectral peak in 30-214 bpm, computed independently of
# the autocorrelation the estimator uses, so it cannot rubber-stamp the estimator's
# own mistakes. It is not an ECG; treat a disagreement as a question, not a verdict.
# Samples are int8, already detrended and scaled by the firmware.
time,truth_bpm,samples
2026-08-08 01:39:48,70,16 29 25 37 34 10 -6 -9 -21 -17 -24 -32 -28 -32 -35 -39 -27 -26 -18 -2 7 31 19 36 52 48 32 17 -7 -7 -14 -6 -18 -21 -29 -29 -28 -16 -24 -12 -7 13 5 30 38 58 67 27 27 24 -24 -24 -12 -23 -23 -23 -22 -14 -18 -13 -1 7 16 8 40 48 73 33 33 22 -10 -38 -29 -25 -17 -48 -32 -12 -32 -7 -23 9 2 14 10 23 47 31 4 4 -8 -8 -15 -43 -23 -30 -14 -34 -25 -1 -17 12 0 20 12 37 49 45 38 46 22 -1 3 -37 -28 -24 -16 -52 -23 -39 -15 -26 -14 -2 -5 31 15 36 56 48 48 29 1 -3 -6 -30 -50 -29 -25 -33 -40 -12 -8 0 -3 9 -3 6 34 30 63 51 23 12 8 -20 -27 -23 -23 -19 -38 -26 -38 -17 -1 -17 4 16 20 33 29 33 41 -2 -22 -10 -45 -37 -37 -56 -52 -32 -48 -43 -31 -35 -26 -18 10 7 7 31 44 44 52 53 33 17 -23 -30 -30 -50 -45 -57 -45 -40 -56 -44 -27 -11 -7 1 2 10 18 63 51 47 76 76 88 41 45 21 5 6 -10 14 -1 15 7 -4 -8 0 33 33 17 33 2 -30 -54 -69 -61 -45 -16 -8 -12 17 -7 -11 1 14 -2 18 27 27
2026-08-08 02:27:09,64,-75 -91 -89 -88 -96 -95 -97 -80 -86 -88 -85 -79 -70 -64 -56 -63 -49 -52 -56 -49 -35 -41 -42 -40 -45 -53 -57 -58 -54 -45 -47 -52 -46 -48 -35 -33 -32 -28 -14 -23 -5 4 -2 15 7 9 22 8 -5 -3 -7 -2 -6 1 3 8 8 8 17 21 14 30 27 23 37 40 38 47 47 45 26 32 35 39 36 38 28 45 37 40 50 50 49 49 46 56 61 61 59 76 74 67 55 53 46 46 47 47 44 32 36 35 29 48 38 38 41 47 44 50 53 51 63 56 60 65 45 47 36 24 23 31 28 8 16 11 13 14 20 10 15 17 20 20 39 33 39 54 44 43 39 38 14 26 15 17 4 4 2 7 5 4 0 11 19 23 12 22 29 31 33 40 32 35 27 14 10 4 -3 11 0 6 4 -1 -5 6 14 19 15 17 18 20 33 27 33 24 12 7 -1 -8 -18 -10 -19 -21 -18 -12 -24 -19 -21 -6 -14 -7 -1 -1 2 2 7 11 -5 -4 -26 -25 -41 -32 -52 -44 -39 -51 -48 -46 -44 -31 -39 -24 -30 -25 -25 -15 -18 -14 -3 -15 -36 -44 -52 -45 -61 -46 -48 -44 -53 -47 -42 -50 -45 -35 -45 -28 -34 -29 -23 -13 -22 -26 -49 -47
2026-08-08 02:39:47,60,-27 -31 -32 -12 -16 -9 31 2 26 22 21 -7 -3 -36 -48 -61 -65 -93 -70 -78 -50 -67 -75 -72 -68 -64 -61 -41 -42 -14 -2 -15 5 5 16 16 -9 -9 -53 -50 -50 -66 -75 -59 -48 -72 -68 -61 -69 -54 -62 -38 -31 -39 -15 -4 20 11 19 39 50 42 10 -7 -31 -28 -12 -20 -25 -29 -22 -14 -30 -23 -15 1 12 8 11 11 31 22 38 50 65 69 44 40 20 19 27 18 34 18 25 25 9 16 36 23 31 39 62 38 86 81 89 104 100 92 111 75 46 22 26 -3 1 25 -4 -4 -5 -13 3 6 2 34 9 21 36 40 56 55 75 74 86 98 77 65 49 24 12 15 -5 -5 -10 10 -10 -7 -7 0 4 -4 19 27 31 18 34 53 57 73 80 80 83 43 51 10 14 22 13 21 28 12 0 15 15 6 14 6 1 37 45 44 60 43 71 67 50 38 22 -15 -31 -20 -24 -28 -25 -29 -29 -30 -22 -27 -7 -3 -4 -12 -5 19 27 18 18 46 49 41 36 0 -16 -25 -29 -29 -58 -70 -59 -59 -51 -60 -48 -69 -41 -69 -50 -30 -18 -27 -31 4 16 16 3 23 18 2 -30 -47 -59 -55 -80 -76 -73 -65 -85 -78 -82 -70 -75 -75 -52 -68
2026-08-08 02:47:44,56,-42 -44 -40 -36 -50 -32 -28 -28 -22 -28 -17 -9 -1 -9 5 -21 -17 -19 -33 -35 -30 -32 -30 -34 -28 -26 -30 -32 -28 -13 -19 -19 -21 -19 -13 -5 -5 -1 -9 2 2 8 14 -4 -6 -14 -20 -18 -14 -15 -13 -17 -13 -7 -9 -7 -17 -1 -1 6 12 4 6 22 12 16 30 22 25 33 29 17 13 13 11 13 11 -1 6 2 -4 4 18 0 12 10 18 16 19 17 13 23 25 31 29 31 19 34 26 20 16 10 14 14 12 14 4 11 13 23 17 21 25 31 31 41 35 46 48 46 52 52 58 66 44 52 43 41 27 31 29 33 23 19 23 13 22 20 18 14 34 32 24 26 32 28 39 39 39 53 45 37 27 17 17 1 4 4 -2 -2 -6 -6 -12 -12 -8 -6 -11 -17 -9 -15 -11 -3 -13 -9 -17 0 -6 -6 -20 -30 -34 -38 -40 -42 -52 -37 -33 -45 -39 -45 -41 -45 -43 -31 -33 -30 -32 -34 -28 -18 -18 -20 -10 -16 -17 -13 -17 -37 -33 -25 -37 -39 -43 -45 -30 -32 -34 -32 -36 -20 -24 -20 -18 -24 1 -7 -1 3 -1 3 7 19 7 26 8 4 2 -2 -8 -2 -6 -2 4 1 -1 3 5 13 5 11 11 11 23 24 20 34
2026-08-08 02:59:49,58,-39 -63 -70 -49 -61 -72 -68 -79 -58 -66 -61 -53 -48 -24 -55 -22 -22 -37 -9 -8 -15 13 26 30 35 23 56 37 17 -18 -22 -37 -16 -24 -19 -15 -22 -38 -37 -32 -28 -43 -23 -10 -22 -9 8 12 21 13 26 11 35 56 40 17 -7 -10 -29 -17 -16 -12 -27 -34 -14 -13 -33 -24 -24 -31 -26 -14 -9 -21 -4 12 9 18 18 27 7 -24 -15 -27 -38 -46 -33 -41 -44 -35 -47 -26 -50 -21 -33 -44 -11 -7 18 18 15 28 24 41 37 54 38 43 16 -16 -27 -31 -22 -5 7 4 -8 13 -7 18 11 31 40 28 37 54 66 87 63 60 100 89 102 86 39 51 40 21 37 42 38 31 39 44 25 45 50 46 55 51 48 53 65 78 62 63 96 100 97 69 58 34 23 28 12 29 25 6 22 7 0 4 13 1 30 15 51 36 56 53 49 82 83 75 60 56 29 -2 10 -13 -1 12 -4 -15 -14 -2 7 7 12 9 25 22 30 43 39 40 41 53 62 34 55 23 4 -11 -19 -14 -42 -49 -28 -52 -55 -23 -34 -30 -41 -44 -48 -11 -23 -30 -6 -5 -24 -20 -15 -7 -14 -41 -57 -60 -84 -103 -107 -94 -85 -81 -100 -100 -107 -102 -98 -101 -89 -76 -68 -99
2026-08-08 03:07:34,55,-27 -24 -17 -26 -7 -11 -24 -1 -6 -2 9 8 -1 -2 10 -27 -44 -29 -50 -46 -39 -44 -49 -33 -46 -55 -40 -29 -21 -26 -23 -44 -36 -17 -14 -3 -12 -4 7 10 29 -24 -60 -49 -42 -55 -51 -60 -33 -50 -47 -47 -44 -37 -38 -50 -27 -16 -41 -38 -26 -27 -16 -5 -17 -2 -7 8 -17 -25 -38 -43 -24 -40 -29 -42 -15 -24 -16 -49 -30 -11 -8 0 -9 -2 5 5 8 7 26 13 37 40 47 34 22 9 -4 27 14 34 41 32 31 18 50 37 24 43 43 42 49 52 51 47 66 61 68 68 67 66 41 48 40 43 38 61 53 44 43 58 45 37 64 51 58 66 49 56 55 70 62 53 92 75 102 70 65 68 51 35 18 33 28 27 31 18 17 32 20 35 26 21 24 32 31 38 17 21 36 39 34 45 53 72 47 10 29 1 12 7 2 2 -3 -4 15 10 -6 5 -8 11 11 10 1 4 -5 -1 26 17 28 16 19 18 33 12 -4 -21 -30 -19 -24 -36 -37 -38 -27 -35 -44 -17 -50 -31 -27 -16 -17 -18 -14 -31 4 -5 -10 -10 -23 -24 -21 -14 -58 -63 -72 -61 -65 -70 -75 -80 -73 -69 -42 -59 -72 -52 -73 -70 -71 -56 -40 -57 -54 -59
2026-08-08 03:19:36,38,58 64 64 53 54 39 35 29 27 26 22 18 17 20 19 18 17 22 23 24 25 33 32 32 35 41 41 51 50 40 33 30 16 18 10 9 14 13 11 7 9 7 10 12 16 18 21 19 26 27 26 35 34 25 13 6 -2 -6 -9 -5 -13 -13 -12 -13 -11 -11 -17 -7 -5 -5 1 1 1 4 7 12 17 7 3 -14 -15 -28 -31 -32 -32 -27 -28 -34 -31 -32 -29 -26 -28 -24 -30 -23 -20 -21 -14 -11 -14 -22 -33 -41 -42 -49 -46 -49 -47 -41 -46 -51 -54 -47 -41 -39 -33 -30 -38 -45 -53 -52 -35 -30 -42 -59 -73 -70 -76 -78 -78 -73 -70 -63 -52 -50 -48 -38 -36 -33 -27 -7 46 59 44 45 36 22 10 1 4 -5 -2 -4 -7 -10 -25 -44 -55 -42 -39 -43 -43 -48 -42 -34 -28 -34 -22 -31 -34 -32 -23 -23 -20 -15 -12 -12 -3 2 8 17 21 28 21 13 7 3 -5 1 0 6 6 7 10 16 13 23 20 28 37 35 23 15 8 4 3 2 8 9 6 4 10 9 11 20 18 23 32 24 15 11 -7 -6 -11 -3 3 5 10 10 10 12 13 21 26 28 38 34 34 19 19 11 17 17 20 21 27 28 33 43 47 50 53 61 70 76
2026-08-08 03:29:48,56,-8 -18 -9 -13 -10 -10 -13 -17 -8 -4 -1 3 0 4 9 21 28 32 33 41 46 62 55 33 18 2 -7 1 -2 -2 -5 -5 -4 -10 -5 -7 -4 4 5 11 19 14 26 33 41 36 42 53 35 12 -8 -9 -21 -20 -24 -33 -27 -44 -34 -29 -33 -34 -34 -27 -17 -6 -8 -3 9 2 16 17 35 36 32 39 19 -6 -22 -27 -37 -35 -36 -46 -43 -45 -44 -50 -49 -47 -40 -34 -25 -27 -16 -10 -1 1 4 16 17 31 32 24 -3 -23 -20 -34 -47 -37 -34 -24 -33 -35 -42 -40 -37 -31 -26 -20 -19 -1 -5 -4 12 21 25 36 36 53 23 18 0 -13 -15 -14 -12 -9 -19 -24 -18 -9 -11 -10 -14 1 9 14 6 19 25 26 30 41 49 48 44 15 -1 -4 -12 -9 -5 -13 -8 -8 -11 -9 -4 4 9 3 8 16 25 29 34 38 49 47 62 68 67 47 28 4 5 -9 -12 -18 -9 -25 -28 -20 -23 -19 -16 -4 -1 -3 2 8 17 11 21 26 36 37 35 52 44 33 5 -4 -10 -21 -21 -34 -28 -35 -35 -36 -32 -35 -31 -20 -14 -11 -13 4 2 -1 13 12 12 35 43 36 24 9 -3 -14 -30 -17 -23 -26 -20 -22 -25 -23 -22 -18 -3 3 8 -2
2026-08-08 03:38:11,54,25 19 13 4 0 6 6 5 -1 -4 -2 6 4 -1 6 7 12 13 20 22 19 27 33 33 37 28 25 13 8 2 -4 -5 -2 -9 -7 -7 -9 -8 -4 1 2 -2 3 2 5 11 15 12 22 23 29 32 25 16 9 1 -6 -8 -11 -7 -5 -12 -6 -11 -13 -13 -11 -11 -7 -7 -1 3 0 5 9 12 18 19 17 8 -1 -10 -23 -26 -29 -25 -24 -26 -29 -31 -36 -28 -25 -29 -27 -25 -19 -17 -13 -11 -13 -3 0 -1 -1 8 11 6 1 -13 -14 -23 -26 -27 -25 -26 -22 -26 -25 -30 -28 -26 -23 -25 -21 -16 -15 -9 -3 1 5 4 7 10 13 15 6 -3 -8 -17 -17 -17 -16 -15 -16 -18 -15 -19 -14 -11 -13 -8 -2 -3 -1 8 7 11 14 18 24 28 27 18 13 6 3 5 3 3 -2 1 1 0 -2 0 4 4 7 7 8 9 14 17 19 23 26 28 28 18 10 5 -2 -6 -7 -11 -11 -12 -14 -11 -13 -17 -18 -13 -17 -7 -9 -6 -4 -2 3 10 13 15 19 17 10 -2 -7 -10 -14 -21 -25 -27 -25 -29 -25 -24 -25 -27 -23 -21 -17 -18 -11 -10 -7 -5 -8 -2 -2 3 5 2 -3 9 65 63 55 51 48 39 37 33 29 25
2026-08-08 03:47:47,54,-31 -25 -44 -40 -41 -49 -44 -51 -59 -48 -50 -51 -55 -46 -54 -41 -45 -26 -30 -23 -27 -12 -10 3 7 16 22 19 17 14 -2 -1 -9 -24 -18 -31 -27 -28 -29 -23 -20 -32 -17 -29 -18 -12 -11 -7 4 -2 3 13 18 22 35 47 50 34 31 21 16 -2 -11 3 6 2 11 16 10 3 5 12 16 19 21 26 32 33 35 38 46 57 51 64 42 33 21 12 4 3 3 0 -10 -9 -9 -16 -16 -11 -10 -4 -7 -1 4 12 19 5 22 24 25 27 28 40 37 29 12 4 -7 -17 -20 -18 -9 -25 -18 -18 -9 -13 -18 -18 -11 -4 4 7 9 12 28 21 27 42 52 47 55 40 36 33 31 12 4 9 11 10 -6 3 7 -8 4 5 13 16 14 25 25 34 35 37 50 50 61 49 42 30 15 5 8 0 -3 -11 4 -4 3 5 2 2 3 3 10 14 5 19 16 24 29 38 38 45 29 18 10 5 -15 -20 -22 -9 -19 -18 -36 -31 -21 -30 -32 -25 -29 -20 -10 -15 -9 -10 -2 9 13 16 12 5 -16 -12 -19 -37 -46 -38 -39 -35 -42 -36 -43 -41 -48 -42 -31 -27 -34 -26 -25 -21 -14 -2 -1 7 10 -2 -3 -25 -34 -38 -33 -28 -24 -19
2026-08-08 03:59:42,58,-16 -28 -22 -38 -68 -66 -66 -66 -70 -86 -82 -85 -77 -83 -75 -57 -61 -63 -55 -47 -33 -43 -27 -17 -11 -17 -33 -28 -34 -36 -48 -42 -44 -36 -38 -34 -34 -26 -22 -12 -16 -14 -7 11 7 7 21 27 31 45 39 27 15 21 -3 7 9 11 8 12 18 20 26 30 44 28 42 34 52 58 62 72 68 73 81 87 79 67 43 39 31 37 27 13 25 11 19 25 12 24 18 32 22 32 46 44 44 44 62 56 66 66 64 47 35 17 -5 -7 -23 -23 -19 -31 -31 -31 -39 -43 -39 -27 -25 -28 -22 -26 -14 -6 2 20 18 16 30 34 6 -6 4 -4 -5 1 -7 -9 -7 -1 3 1 11 9 13 21 23 29 33 36 40 50 52 54 50 38 22 18 22 8 14 6 12 24 23 17 27 29 35 29 51 39 51 65 47 63 69 75 79 73 42 44 22 22 4 8 0 0 4 -6 -6 -10 -10 -12 -22 -7 -7 -9 -3 9 11 7 7 19 29 29 27 3 -21 -45 -46 -62 -56 -70 -78 -78 -80 -86 -68 -76 -70 -70 -68 -54 -54 -54 -47 -37 -35 -23 -11 -9 -11 -25 -33 -29 -35 -43 -47 -47 -37 -32 -38 -24 -26 -26 -22 -16 -10 6 0 6 18 6 32 22
2026-08-08 04:09:39,54,-77 -92 -86 -94 -89 -91 -95 -91 -84 -78 -82 -67 -57 -55 -60 -42 -24 -32 -29 -45 -43 -46 -66 -64 -64 -55 -57 -63 -66 -50 -64 -54 -45 -33 -37 -34 -22 -18 -5 -1 3 1 14 20 24 21 3 -13 -11 -10 -22 -8 -9 -7 -3 -1 -6 4 14 23 23 39 36 46 56 74 67 79 81 86 92 104 88 75 59 49 46 36 28 33 31 37 31 30 30 12 21 13 11 13 22 18 14 25 9 27 21 30 30 40 53 49 11 10 12 2 -6 -3 -7 -5 -12 -10 -2 2 7 3 9 18 28 30 36 43 41 45 66 58 76 69 69 51 29 36 28 32 37 27 33 29 38 34 36 43 47 57 54 70 64 76 91 89 107 112 108 112 116 93 75 63 40 44 24 20 13 9 5 6 0 4 0 9 -3 -5 -2 -14 -20 -11 -7 -13 -5 -4 -2 4 -3 -17 -31 -45 -54 -58 -68 -61 -69 -67 -62 -70 -70 -70 -67 -61 -67 -56 -40 -42 -10 5 -3 5 12 12 36 24 3 -13 -21 -22 -20 -26 -25 -27 -21 -17 -26 -20 -18 -25 -23 -9 -15 2 10 0 11 13 17 11 32 26 20 3 -15 -41 -48 -42 -50 -44 -51 -53 -53 -60 -48 -54 -64 -65 -65 -73 -68 -66
2026-08-08 04:19:49,55,70 33 9 -20 -16 -37 -25 -18 -22 -11 -7 -36 -24 -37 -17 -10 -18 1 1 16 24 39 51 50 50 81 65 48 4 -25 -29 -53 -38 -42 -15 -35 -32 -40 -33 -29 -22 -14 -23 -19 -8 -4 -1 19 14 42 37 53 48 44 7 3 -14 -38 -62 -55 -23 -36 -44 -37 -41 -30 -30 -23 -35 -16 -20 3 -9 22 10 33 41 40 80 59 19 -10 -22 -23 -43 -19 -4 -4 -13 -25 -18 -42 -43 -11 -20 0 -5 7 -6 10 29 37 32 48 71 63 66 26 -19 -23 -48 -28 -37 -33 -2 -38 -30 -39 -43 -12 -32 -33 -33 2 6 -15 1 24 28 39 47 22 70 73 93 36 16 -9 -33 -38 -30 -27 -31 -32 -36 -40 -25 -41 -18 -14 -7 -27 -8 4 19 11 42 18 33 41 52 60 43 7 2 -30 -11 -15 -24 16 -1 -9 -30 -18 -2 -7 -15 4 8 11 23 46 46 45 53 60 68 83 71 90 58 21 5 -8 0 -5 -17 6 6 -7 1 -3 -12 -24 -13 -9 -6 14 25 37 28 40 39 51 50 62 77 85 8 24 -21 -25 -22 -26 -27 -35 -52 -36 -32 -61 -53 -38 -22 -35 -11 -20 -32 -13 -5 -6 -10 17 21 52 8 -37 -49 -46 -50 -43 -23 -56 -44 -41 -37 -38
2026-08-08 04:28:50,60,18 18 19 20 20 22 24 22 21 18 14 13 10 11 11 10 14 11 10 12 11 11 9 10 8 13 11 11 11 11 11 14 14 13 14 12 9 5 4 5 6 7 2 2 3 4 3 1 3 1 2 1 0 2 1 3 2 4 5 3 4 2 0 -7 -8 -12 -8 -8 -8 -10 -12 -13 -12 -11 -13 -13 -11 -12 -10 -11 -11 -12 -9 -9 -7 -6 -6 -8 -7 -8 -10 -18 -18 -18 -18 -18 -18 -19 -21 -20 -17 -19 -20 -17 -18 -19 -16 -15 -14 -15 -16 -17 -13 -13 -13 -12 -16 -22 -22 -22 -22 -20 -19 -20 -19 -24 -19 -21 -20 -19 -19 -19 -20 -17 -16 -18 -15 -14 -14 -16 -16 -21 -23 -23 -25 -23 -24 -22 -24 -23 -22 -24 -20 -22 -22 -16 -10 3 8 33 40 38 24 8 1 -4 -12 -2 8 14 21 25 22 22 25 31 28 30 26 23 26 27 25 23 24 21 23 22 23 19 19 17 12 11 10 11 13 10 4 3 3 7 2 6 6 4 6 4 6 6 6 5 1 -5 -5 -3 -5 -8 -9 -7 -10 -9 -6 -5 -5 -2 -6 -11 -6 -5 -4 -6 -8 -8 -9 -10 -11 -2 -8 0 6 -8 -6 0 9 -2 -9 -7 2 16 18 -54 -31 47 76 98
2026-08-08 04:37:04,54,-11 -2 0 -4 11 19 18 34 38 41 37 52 48 50 63 63 68 48 42 19 17 12 6 14 13 9 4 6 0 19 11 16 10 14 19 27 21 28 28 43 35 39 58 50 55 53 37 30 18 9 9 -3 -6 -4 -3 -17 -17 -16 -8 -19 -29 -13 -18 -6 -7 -1 -1 2 10 19 7 15 16 -2 -21 -33 -43 -36 -34 -43 -43 -37 -40 -40 -47 -41 -37 -36 -34 -35 -29 -27 -28 -22 -10 -13 -17 -2 -24 -20 -47 -49 -64 -58 -70 -65 -63 -56 -72 -64 -67 -65 -60 -52 -52 -39 -43 -38 -38 -18 -17 -23 -2 -12 -10 -9 3 4 -4 -30 -29 -41 -44 -48 -42 -53 -47 -42 -34 -44 -41 -33 -26 -32 -28 -27 -13 -13 0 -4 3 15 9 24 20 27 33 15 2 -8 -9 -17 -27 -14 -16 -15 -13 -21 -6 -4 -1 1 1 10 20 15 35 29 26 32 43 45 47 52 36 17 11 23 6 16 13 17 17 22 22 14 15 33 22 22 32 49 33 48 48 60 57 57 40 26 18 9 15 6 6 8 5 3 -2 10 4 1 17 26 18 32 25 27 36 44 42 49 21 14 0 -12 -7 -25 -18 -28 -20 -25 -25 -26 -32 -24 -19 -17 -24 -4 -14 -7 5 9 10 6
2026-08-08 04:49:27,60,-81 -76 -70 -66 -61 -54 -45 -35 -35 -29 -25 -16 -7 -4 -6 -7 -7 -9 -9 -10 -9 -9 -9 -11 -21 -27 -26 -19 -11 -8 -4 5 8 11 11 8 6 5 3 1 1 1 -1 0 -2 -1 -1 -1 -1 -1 0 -1 0 -1 -1 -2 -3 -2 -2 -3 -3 -3 -2 -1 -1 0 0 0 1 1 3 2 4 3 3 4 3 3 3 3 4 6 5 6 6 6 7 7 8 8 8 8 11 11 11 13 13 12 13 14 14 14 15 15 15 15 16 16 17 18 17 18 19 18 20 19 22 22 22 23 23 22 23 22 23 22 21 23 23 21 21 21 21 22 21 21 21 21 22 22 22 22 21 21 20 21 19 18 18 17 17 17 16 16 15 15 14 15 14 15 14 14 14 14 14 14 14 14 13 12 10 10 8 7 6 4 5 3 3 3 2 2 2 1 0 2 2 0 1 1 0 1 2 0 -1 -4 -5 -7 -7 -9 -10 -10 -10 -11 -11 -13 -12 -11 -12 -12 -12 -11 -11 -11 -11 -10 -11 -11 -10 -11 -10 -12 -12 -15 -16 -16 -17 -18 -17 -17 -18 -20 -18 -19 -19 -17 -19 -18 -19 -19 -18 -18 -17 -18 -18 -18 -18 -20 -23 -22 -23 -22 -23 -24 -25 -25
2026-08-08 04:59:48,58,24 34 34 49 53 69 65 62 34 4 -8 -19 -17 -31 -29 -34 -38 -32 -33 -29 -41 -25 -32 -20 -18 -14 -7 1 11 13 22 30 34 36 19 -5 -17 -21 -34 -36 -30 -36 -27 -37 -41 -33 -30 -26 -22 -12 -9 13 13 20 30 34 42 49 47 41 13 -18 -24 -30 -40 -41 -29 -23 -35 -30 -38 -30 -22 -17 -17 -13 -3 0 20 16 28 37 43 63 65 52 44 16 -3 -3 -23 -33 -34 -24 -22 -30 -31 -29 -21 -13 -12 -10 -6 -2 1 17 19 33 52 56 60 48 45 23 -3 -9 -18 -30 -26 -34 -29 -27 -21 -34 -26 -28 -16 -19 -15 -7 13 4 14 28 40 41 47 53 33 10 -14 -22 -22 -23 -19 -23 -21 -14 -26 -26 -12 -13 7 1 13 28 22 40 53 51 61 53 56 34 14 -12 -15 -31 -31 -29 -38 -30 -28 -34 -23 -17 -19 -25 -14 2 6 12 37 37 37 51 54 46 42 12 -13 -35 -33 -40 -34 -42 -48 -47 -29 -37 -37 -30 -18 -26 -2 -3 9 13 21 30 40 40 34 17 -1 -21 -25 -22 -34 -30 -14 -23 -17 -19 -23 -12 -12 2 9 15 17 35 48 48 54 54 45 13 3 -17 -12 -26 -16 -28 -11 -19 -29 -23 -22 -16 -4 -4 7 17 15 29
2026-08-08 05:19:49,62,-43 -49 -43 -40 -28 -20 -19 -13 -5 3 4 14 16 34 35 21 -5 0 -28 -20 -21 -13 -19 -17 -18 -18 -14 -10 -13 -5 3 8 20 22 23 47 47 47 56 64 68 56 41 35 11 8 4 -4 -10 -9 -7 -13 -8 -6 -14 -2 3 -1 11 24 26 24 35 41 41 55 64 66 48 28 19 -3 -5 -10 0 -10 -14 -11 -9 -7 -20 -16 2 3 -1 -7 11 22 30 32 32 39 53 55 32 10 -6 -8 -17 -17 -27 -26 -26 -22 -27 -37 -25 -27 -12 -6 10 13 17 33 35 48 46 44 40 27 9 -17 -30 -46 -42 -41 -39 -49 -43 -50 -50 -44 -48 -29 -33 -25 -22 -4 -12 7 13 7 -7 -28 -36 -46 -47 -49 -45 -53 -46 -56 -42 -48 -43 -39 -31 -28 -20 -14 -6 3 11 25 30 22 6 -7 -27 -29 -45 -38 -42 -46 -37 -49 -37 -41 -32 -32 -18 -14 -11 -7 3 14 26 22 35 43 23 -1 -10 -26 -26 -21 -25 -27 -25 -24 -14 -12 -15 -5 -1 -1 0 4 12 25 39 45 35 22 6 2 -3 -17 -17 -7 -12 -12 -10 -9 7 -1 9 6 20 24 33 47 37 57 42 28 28 19 13 9 13 18 20 12 31 9 1 -9 -54 -94 20 87 63 43 53 64
2026-08-08 05:29:48,60,-21 -25 -12 8 4 17 33 50 46 51 -1 -5 -8 -28 -35 -27 -30 -42 -6 -37 -37 -16 -12 -7 -3 -11 -2 18 27 27 15 40 44 73 69 78 42 30 7 -13 -40 -16 -35 -19 -15 -10 -26 -21 -25 -17 -20 16 1 9 6 50 38 35 47 56 48 53 33 17 -34 -30 -41 -33 -49 -24 -4 -39 -31 -22 -42 -18 -17 -9 4 0 29 21 41 50 50 71 59 32 20 8 -3 -43 -30 -18 -34 -13 -13 -24 -20 -15 5 1 2 18 27 39 32 64 76 77 41 22 -10 -6 -9 -17 -12 -8 -31 -35 -19 -38 -18 -17 -21 -13 0 16 13 37 10 34 46 55 51 20 4 -47 -51 -47 -58 -58 -65 -61 -60 -56 -84 -59 -63 -46 -30 -38 -21 -45 -16 -16 1 17 9 30 30 3 -29 -56 -56 -68 -59 -51 -50 -42 -54 -57 -81 -48 -52 -31 -47 -31 -22 -2 -1 15 28 28 44 69 29 30 2 -26 -21 -37 -28 -12 -15 -35 -23 -10 -10 -1 -9 -8 20 12 37 41 66 58 58 79 99 48 20 13 -11 -15 -14 6 -25 -17 -20 -12 -28 -11 -19 -2 -6 11 3 11 28 36 45 45 73 90 98 95 95 68 16 16 -15 -11 -30 -22 -14 -33 -17 -32 -32 -15 -23 -27 -2 22
2026-08-08 05:38:29,82,-83 -73 -69 -65 -76 -70 -44 -37 -31 -31 -33 -15 -16 -15 -12 -19 -18 -19 -24 -31 -41 -43 -28 -25 -14 -13 -13 -13 -13 -10 -8 -7 -7 -7 -5 -4 -4 -3 -2 0 -1 -1 -3 -3 -2 -2 0 -1 0 1 0 3 3 3 4 5 5 4 3 2 3 2 4 3 4 5 6 4 7 7 7 8 9 9 7 7 6 7 7 7 8 8 8 8 10 9 10 13 13 13 14 13 13 13 13 14 15 16 17 17 17 19 19 20 19 20 21 20 20 21 20 20 20 20 21 21 21 21 22 23 22 24 23 23 23 22 21 21 22 20 21 22 20 22 21 21 21 22 24 23 23 23 22 21 22 20 21 21 20 19 19 19 19 20 20 19 20 20 22 21 19 18 18 16 18 16 16 15 16 14 16 15 16 14 15 14 15 14 15 14 13 11 10 9 8 8 7 7 6 5 7 6 5 5 5 4 5 5 4 3 -1 -1 -4 -5 -5 -6 -7 -8 -9 -9 -9 -11 -11 -11 -11 -9 -10 -11 -10 -11 -14 -15 -17 -18 -21 -22 -23 -23 -25 -24 -25 -25 -24 -26 -26 -25 -26 -25 -26 -26 -29 -31 -32 -33 -35 -35 -36 -36 -37 -36 -37 -38 -38 -36 -37 -36
2026-08-08 05:47:31,54,-76 -72 -67 -39 -79 -70 -86 -98 -65 -73 -81 -64 -52 -56 -71 -51 -63 -50 -54 -22 -54 -41 -49 -17 -20 8 -12 5 -31 9 -14 6 -6 3 -17 -29 8 0 -4 9 -23 -3 1 -18 -14 6 -13 -5 -5 12 8 12 21 41 9 6 14 42 31 23 27 20 24 24 17 33 33 17 14 26 26 27 11 19 44 36 32 53 25 37 26 26 26 15 23 31 15 24 4 20 17 25 13 14 22 18 35 31 39 40 44 56 61 61 53 70 66 66 75 75 87 59 80 32 52 61 49 57 54 38 34 47 51 35 40 36 32 49 49 57 38 46 62 50 47 39 51 76 56 28 41 21 9 22 6 10 -13 -9 -1 -12 -28 -16 -27 -7 1 -22 -30 -30 -22 -9 -33 -9 -8 -8 -12 -15 -11 -27 -42 -18 -54 -41 -49 -49 -56 -44 -56 -56 -51 -55 -59 -42 -54 -46 -37 -53 -37 -52 -8 -44 -11 -31 -3 -30 -30 -22 -53 -21 -33 -32 -24 -32 -24 -31 -27 -47 -30 -22 -2 -17 -37 -21 -28 -20 -24 -11 -19 -11 10 -14 22 11 -1 3 7 -12 -8 0 -3 -19 -27 -6 -26 -10 -17 -13 -17 -12 -4 8 9 -11 -7 6 22 14 11 43 15 35 20 20 12 5 -7 17
2026-08-08 05:57:17,58,-35 -27 -19 -15 -24 -4 -12 -32 -24 -5 -5 7 19 15 14 -2 22 14 26 33 -7 -11 -7 -8 -4 -12 -8 0 -17 -9 -9 11 3 -18 -10 -6 2 -10 5 21 13 33 12 48 32 52 28 11 11 11 7 7 10 2 22 -2 22 -3 21 33 1 5 16 24 28 48 39 43 39 55 75 42 62 50 70 42 33 25 13 29 41 28 20 24 12 12 7 11 19 -5 10 18 2 18 30 13 21 21 9 17 16 12 12 8 -32 -1 -29 -21 3 -30 -26 -34 -34 -14 -39 -43 -31 -15 -39 -36 -28 -24 -28 -28 -21 -21 3 -29 -13 -42 -38 -42 -30 -31 -43 -43 -51 -35 -64 -28 -28 -24 -32 -41 -17 -17 11 -9 14 -6 14 10 1 1 -19 -31 -19 -12 -36 -32 -8 -12 -37 -25 -33 -41 -21 -18 -22 -26 -22 -18 -31 -31 -11 -23 -16 -16 -20 -48 -36 -45 -33 -53 -37 -41 -38 -34 -26 -30 -46 -43 -31 -47 -23 -27 -44 -36 -32 -16 -21 -9 -37 -13 -25 -26 -42 -62 -58 -46 -19 -19 -3 -23 5 0 -12 4 20 -1 3 3 27 27 46 26 50 42 62 41 21 29 33 45 8 52 36 32 51 47 39 31 55 26 46 50 42 54 53 53 45 45 49 56 56 76
2026-08-08 06:09:49,54,-21 -26 -28 -27 -32 -35 -31 -32 -37 -30 -35 -24 -21 -20 -17 -12 -12 -4 -1 8 11 20 19 25 22 9 -6 -22 -28 -31 -37 -39 -39 -37 -39 -38 -44 -46 -45 -41 -38 -35 -35 -28 -31 -22 -21 -17 -17 -4 4 5 7 5 2 -25 -27 -36 -36 -32 -30 -30 -24 -29 -28 -23 -18 -17 -15 -6 -1 -1 4 9 16 18 20 30 42 42 47 52 42 29 11 8 -2 2 0 2 7 0 2 5 1 4 13 10 14 22 24 28 37 36 44 48 49 60 67 72 76 61 50 31 29 19 22 18 27 19 18 13 10 14 15 21 23 25 30 28 33 35 40 49 48 46 59 61 60 52 32 24 9 3 8 10 3 4 -1 -5 -8 -2 1 -5 0 9 6 8 23 17 24 32 32 42 40 32 15 5 -1 -2 -7 -2 -4 -6 -8 -7 -11 -4 -6 -7 -1 5 1 4 10 15 20 23 26 33 36 30 18 2 -9 -12 -20 -13 -17 -18 -14 -21 -25 -23 -27 -20 -22 -9 -7 -6 -8 -2 0 12 11 13 22 18 22 14 4 -8 -19 -25 -28 -31 -32 -34 -37 -41 -37 -41 -42 -44 -33 -35 -33 -35 -26 -25 -21 -19 -12 -7 -2 -2 -9 -23 -31 -35 -43 -41 -41 -38 -38 -36
2026-08-08 06:19:50,56,-18 -18 -8 -20 -18 -22 -19 -35 -25 -15 -13 -15 -1 -4 4 8 18 22 36 38 53 59 53 69 67 53 18 2 -14 -18 -20 -20 -20 -25 -23 -23 -29 -35 -35 -17 -20 -16 -12 -4 -6 -12 0 -1 27 17 27 31 47 23 -10 -32 -36 -42 -42 -26 -26 -15 -37 -23 -27 -23 -15 -21 -4 -2 14 20 32 40 39 53 55 67 61 33 17 -8 -18 -24 -26 -14 -22 -20 -13 -31 -31 -31 -27 -21 -21 4 -4 14 12 16 24 36 41 49 53 71 73 51 19 -6 2 -12 -6 2 -6 -9 -15 -15 -17 -21 -17 -17 -10 2 -2 -8 -4 8 18 29 25 23 41 47 29 7 -24 -40 -44 -38 -38 -38 -28 -33 -33 -41 -39 -33 -29 -25 -16 -18 -8 0 10 18 28 29 45 37 11 -11 -35 -30 -42 -30 -22 -20 -32 -30 -31 -31 -25 -27 -9 -17 1 2 16 10 20 30 30 40 49 51 41 7 -5 -7 -25 -32 -32 -24 -18 -24 -28 -38 -25 -33 -21 -15 -13 -9 -1 18 22 32 44 44 42 60 63 67 51 27 -3 -17 -20 -8 -18 -20 -24 -22 -26 -25 -29 -21 -17 -13 -19 -3 4 -4 10 8 18 24 34 43 39 13 5 -25 -17 -23 -20 -12 -6 0 -8 -8 6 7 13 21
2026-08-08 06:37:05,49,94 84 75 74 73 76 58 81 76 63 57 80 99 78 76 71 62 49 12 10 5 20 19 21 12 7 26 16 27 10 13 24 26 29 4 -5 -23 -28 -33 -22 -20 -33 -34 -11 -28 -30 -27 -28 -13 -11 -4 -17 -22 4 -33 -38 -35 -44 -30 -51 -44 -45 -47 -48 -37 -54 -48 -37 -54 -27 -28 6 -31 -52 -53 -51 -64 -57 -54 -52 -65 -54 -39 -76 -38 -23 -20 -25 -27 -20 -17 -26 -28 -37 -58 -39 -48 -62 -55 -24 -33 -51 -52 -45 -34 -28 3 -10 5 16 -22 -43 -44 -53 -39 -52 -53 -34 -44 -29 -30 -11 -21 -22 1 -16 3 13 -4 -9 -22 -36 -37 -38 -19 -24 -18 -23 -20 -37 -23 -20 -25 -10 -4 3 14 37 32 18 29 16 31 53 44 39 50 72 67 54 45 31 6 13 20 11 13 4 11 34 20 15 26 17 27 38 17 44 27 53 36 67 62 52 71 58 41 39 26 13 8 23 13 40 23 -2 32 11 26 25 7 22 21 24 15 17 28 27 34 24 39 50 33 35 30 13 8 19 17 8 -1 -6 4 3 2 13 -1 2 -3 24 11 -3 24 -5 -2 16 19 14 -3 -13 -18 -27 -32 -33 -39 -40 -53 -46 -40 -57 -50 -27 -57 -26 -31 -44
2026-08-08 06:49:50,58,78 64 46 24 8 -3 -5 -11 -19 -17 -9 -19 -14 0 -8 4 2 4 20 22 33 39 35 45 41 55 67 60 80 68 42 28 18 4 1 -5 3 -5 -1 -7 3 7 -2 -8 2 0 4 4 14 23 21 29 35 45 55 27 14 -8 -18 -20 -28 -24 -36 -29 -29 -31 -35 -31 -19 -21 -13 -12 -10 -6 -2 18 22 26 31 43 51 29 7 -11 -13 -26 -30 -34 -26 -24 -28 -36 -33 -33 -29 -41 -25 -21 -23 -15 -16 2 12 20 18 32 40 31 11 -13 -17 -51 -45 -35 -50 -44 -40 -40 -40 -56 -54 -46 -33 -47 -25 -27 -19 -13 7 -4 6 10 4 10 -20 -30 -47 -41 -43 -45 -41 -37 -51 -42 -36 -44 -42 -26 -26 -22 -22 -13 -3 9 15 13 25 9 -2 -20 -48 -42 -44 -44 -34 -35 -41 -41 -37 -39 -41 -37 -32 -26 -10 -4 -10 10 10 18 17 31 39 47 43 29 13 -6 -16 -18 -26 -22 -24 -8 -15 -23 -23 -21 -13 -11 -9 3 8 12 18 30 32 42 48 47 65 67 61 41 25 7 2 0 12 0 10 2 0 3 9 11 11 11 13 21 19 34 36 38 52 64 62 46 37 19 1 -3 -5 -1 5 -4 0 -10 2 -12 -10 8 11 19 19 29
2026-08-08 06:59:42,56,7 5 11 19 29 39 55 59 71 79 77 67 59 43 47 39 47 49 47 45 57 31 37 37 39 33 45 41 53 51 45 57 55 57 61 57 51 37 25 11 3 5 -7 -3 -3 -1 -9 -11 -13 -7 -13 -21 -11 -13 -11 1 1 -1 11 9 13 15 15 15 9 -11 -21 -35 -51 -43 -61 -47 -45 -55 -51 -55 -55 -61 -53 -57 -53 -57 -45 -43 -33 -29 -23 -17 -13 -17 -27 -35 -51 -57 -49 -47 -32 -29 -32 -37 -26 -26 -14 -20 -16 -10 -12 -2 6 4 12 12 22 16 16 0 -12 -16 -44 -48 -32 -40 -40 -46 -40 -40 -40 -34 -42 -36 -32 -40 -24 -20 -36 -16 -14 -22 -10 -14 -6 -6 0 -20 -36 -48 -60 -56 -60 -68 -48 -62 -54 -66 -56 -62 -64 -54 -56 -56 -50 -58 -42 -42 -42 -38 -24 -28 -14 -8 -2 -26 -24 -40 -38 -40 -36 -28 -24 -8 -8 -6 -8 4 12 8 14 30 30 34 46 44 46 54 52 68 68 70 56 44 26 20 12 22 22 22 18 18 16 10 4 14 14 20 20 18 18 24 32 36 42 40 52 52 54 56 60 62 48 46 32 12 6 20 2 6 2 10 -4 4 -8 0 -2 4 2 4 10 2 10 18 26 22 18 40 44 48
2026-08-08 07:09:08,72,22 23 17 20 22 27 26 32 32 38 41 39 50 48 43 34 23 17 8 8 4 4 3 2 0 2 1 -5 1 1 -2 4 8 12 13 16 14 18 22 24 27 25 19 15 4 -5 -6 -13 -13 -13 -19 -19 -15 -20 -18 -14 -19 -9 -8 -9 -6 -4 -5 0 8 12 1 -3 -7 -20 -19 -18 -30 -27 -31 -24 -30 -29 -30 -27 -27 -28 -23 -18 -19 -17 -16 -12 -16 -19 -28 -33 -35 -43 -39 -40 -36 -29 -35 -31 -30 -27 -26 -26 -23 -21 -19 -17 -9 -16 -16 -30 -35 -34 -35 -41 -37 -37 -37 -32 -35 -35 -32 -26 -25 -23 -18 -17 -14 -21 -27 -31 -32 -33 -35 -29 -33 -33 -32 -23 -24 -20 -17 -12 -5 -2 3 -5 -6 -14 -6 -15 -9 -11 -7 -5 0 3 3 8 6 16 15 25 27 30 33 43 43 42 46 36 41 32 38 40 40 39 44 48 40 45 44 50 50 61 57 55 60 58 56 55 58 44 44 41 47 40 39 36 37 31 36 39 32 34 34 37 39 42 40 30 32 18 12 9 6 4 -1 -4 -3 -5 -10 -6 -9 -8 -9 -10 -12 -6 -8 -10 -6 -12 -3 -2 -5 0 -3 4 4 -1 -2 -14 -24 -33 -39 -47 -51 -57 -59 -67 -70 -75 -82 -83
2026-08-08 07:29:49,60,41 61 49 29 -16 -8 -12 -20 -36 -24 -41 -33 -25 -33 -17 -30 -14 -22 -26 -2 -15 1 5 9 17 41 28 36 24 -8 -4 -37 -37 -29 -49 -25 -53 -38 -42 -46 -46 -30 -11 -19 -11 -15 9 -3 28 16 40 32 48 35 27 27 -1 7 -6 -10 6 -22 -14 -6 1 5 -19 -7 -27 4 12 20 20 36 32 47 47 55 47 67 82 54 62 10 -6 14 9 -7 5 1 21 12 0 8 24 24 36 23 43 51 35 75 58 42 66 66 46 41 -3 17 13 -7 -7 -12 -4 8 -24 -12 -25 -21 -13 7 -1 15 10 38 38 22 46 29 45 33 -3 -7 -11 -40 -36 -52 -36 -56 -53 -49 -45 -37 -45 -34 -26 -22 -22 -14 -14 -7 1 -11 13 13 0 -36 -60 -64 -72 -73 -65 -45 -65 -73 -77 -70 -46 -54 -50 -34 -43 -27 -23 1 -11 1 16 12 20 0 -12 -49 -45 -41 -41 -29 -41 -22 -18 -38 -38 -22 -23 -3 -3 17 17 12 44 36 48 12 12 -21 -5 -13 -17 -29 -17 -6 6 -14 -14 -10 5 17 13 17 29 44 32 56 56 36 20 -9 -29 -29 -41 -41 -26 -22 -18 -14 -18 -15 -15 5 5 17 21 40 44 52 60 44 67 83 63 59 35 11 18 -2
2026-08-08 07:37:07,60,21 24 21 19 19 17 16 15 14 15 15 13 13 15 16 14 15 16 17 19 15 20 17 17 12 12 9 7 7 4 5 5 5 5 2 2 3 3 3 5 4 5 5 4 5 6 6 6 5 4 -1 -2 0 -4 -1 -5 -2 -3 -4 -2 -3 -5 -2 -3 -3 -5 0 -2 1 2 2 2 4 0 -1 -3 -5 -4 -8 -9 -4 -6 -9 -4 -6 -6 -7 -6 -6 -5 -4 -8 -6 -6 -5 1 -2 -1 -3 -3 -5 -8 -9 -10 -12 -9 -9 -10 -11 -11 -11 -10 -9 -11 -10 -8 -8 -6 -4 -4 -7 -7 -4 -2 -7 -7 -10 -9 -10 -11 -10 -11 -12 -11 -11 -13 -12 -13 -14 -12 -9 -8 -9 -8 -10 -9 -10 -11 -13 -15 -14 -17 -14 -16 -15 -17 -17 -18 -18 -16 -17 -18 -16 -14 -14 -14 -13 -9 -12 -12 -14 -12 -12 -14 -17 -17 -20 -18 -20 -18 -19 -21 -22 -20 -19 -21 -20 -17 -19 -21 -20 -17 -20 -11 -9 -5 -2 -3 -6 -5 -6 -6 -2 -4 -2 0 -1 -2 -1 -1 -1 2 2 3 4 3 7 9 8 8 6 4 4 6 6 7 5 7 8 5 7 8 7 9 10 8 12 9 11 6 3 1 6 6 11 15 20 24 32 40 48 55 63 72 77 83
2026-08-08 07:47:43,62,62 31 20 1 -5 -16 -13 -26 -31 -35 -28 -27 -22 -14 -13 -20 -29 -32 -44 -65 -56 -45 -34 -34 -41 -44 -47 -50 -46 -37 -32 -23 -18 -20 -15 -36 -35 -46 -54 -43 -50 -47 -47 -44 -45 -38 -25 -27 -16 -9 -14 -7 -13 -14 -35 -44 -43 -37 -36 -39 -36 -41 -25 -32 -17 -26 -10 -7 0 11 -2 4 -7 -18 -13 -30 -18 -11 -16 -11 -14 -10 -21 -10 -7 -8 12 13 22 27 12 16 -3 -6 -9 -13 -8 -5 -12 -7 -9 2 3 6 7 13 22 21 30 27 45 34 49 62 65 73 66 61 40 39 27 30 19 16 22 19 24 27 24 30 35 44 47 48 46 49 56 69 70 70 85 90 73 54 48 45 40 43 48 36 31 34 25 31 24 37 42 33 47 60 61 64 81 91 94 89 94 81 77 72 55 66 57 53 50 47 32 46 33 40 37 50 50 49 52 55 66 80 77 72 71 52 36 17 10 5 4 10 3 -12 -5 4 8 -7 2 3 9 12 19 18 25 23 30 35 12 -3 -17 -28 -35 -48 -51 -45 -58 -57 -52 -61 -69 -58 -49 -46 -53 -43 -28 -31 -26 -14 -19 -30 -45 -64 -80 -81 -92 -93 -102 -106 -111 -116 -119 -114 -120 -119 -112 -105 -108 -96
2026-08-08 08:08:12,61,-46 -33 -32 -23 -18 -9 -4 -10 -5 8 13 14 19 28 25 46 31 48 53 67 36 25 6 31 20 21 14 15 12 13 7 24 5 6 3 16 29 38 43 48 41 54 52 37 46 59 36 21 30 3 16 1 6 23 -7 10 -13 0 -3 -10 -1 -8 -3 10 35 13 14 31 40 29 14 -21 -20 -7 -26 -13 -4 -30 -25 -32 -15 -34 -29 -24 -23 -26 -21 -12 -2 -1 -4 5 22 11 8 -11 -38 -29 -32 -31 -25 -52 -59 -58 -49 -52 -31 -38 -25 -20 -31 2 -24 -7 -2 19 -12 -15 18 7 0 -31 -22 -28 -39 -58 -45 -24 -19 -42 -29 -28 -19 -30 -21 -7 -22 -25 -16 -11 -2 11 -16 5 30 7 -8 2 -29 -4 -31 -18 -21 -20 -35 -26 -45 -32 -3 -9 0 -7 -18 -25 -12 -11 22 3 20 13 3 -12 -31 -42 -21 -60 -51 -34 -29 -24 -31 -30 -40 -11 -18 -13 -12 -3 10 19 12 45 30 -9 -7 -2 -29 -24 -31 -10 -33 4 -23 -26 -5 -7 -2 -1 -4 -3 18 7 28 13 10 47 28 22 3 -4 -15 -30 -13 -8 -27 -2 -17 -4 -31 11 8 21 26 11 44 25 54 31 64 77 79 64 41 46 23 20 13 14 19 28 21 30 40 37 54 39
2026-08-08 08:18:16,57,-11 -7 -3 -7 -5 -3 -16 0 -16 -20 -28 -18 -18 -19 -13 -23 -19 -15 -21 -26 -24 -16 -10 -14 -2 -12 -17 -3 -9 9 -1 -3 -14 -16 -22 -16 -20 -20 -24 -19 -15 -17 -35 -21 -21 -16 -22 -12 -8 -12 -4 -8 -1 -7 -1 1 -5 -15 -25 -24 -22 -18 -22 -30 -12 -21 -27 -29 -13 -27 -27 -17 -22 -16 -22 -14 -8 -14 -11 3 -3 -3 -3 -3 -7 -14 -6 -12 -12 -16 -22 -5 -11 -9 -13 -7 -13 -9 -2 10 16 14 10 14 17 17 17 15 9 5 9 2 14 12 4 10 8 19 9 13 9 25 23 25 26 36 26 32 34 36 35 43 37 35 33 29 31 26 18 14 26 28 30 35 29 21 35 41 37 37 42 42 46 40 44 40 43 53 57 61 53 57 41 40 34 36 38 32 48 39 31 31 23 37 31 39 30 32 30 32 36 32 41 29 41 45 49 45 39 40 32 16 16 20 6 3 7 1 1 3 9 3 2 -2 4 6 0 10 3 13 7 5 13 15 11 -8 -16 -30 -24 -28 -42 -26 -47 -33 -33 -49 -35 -41 -28 -36 -42 -36 -48 -40 -34 -39 -29 -29 -35 -35 -15 -30 -42 -40 -60 -62 -70 -58 -59 -63 -59 -65 -57 -63 -62 -68
2026-08-08 08:29:50,56,-14 -20 -35 -37 -49 -43 -47 -51 -51 -55 -49 -51 -41 -31 -31 -17 -13 -3 -1 15 19 15 31 43 41 59 61 41 15 1 -3 -17 -17 -19 -27 -27 -21 -29 -29 -11 -9 -5 -6 6 16 22 30 34 46 54 64 62 66 60 54 34 22 6 6 4 -8 4 -2 4 -8 0 4 2 8 8 8 18 20 32 40 36 42 46 56 42 16 2 -13 -19 -35 -43 -29 -41 -51 -39 -45 -39 -37 -41 -31 -27 -19 -13 -9 -7 19 11 23 29 21 37 45 61 45 27 7 -11 -17 -37 -41 -39 -37 -27 -33 -41 -47 -42 -32 -20 -20 -8 0 0 14 16 22 40 36 44 48 56 50 40 16 -2 -8 -14 -22 -12 -20 -20 -14 -20 -22 -22 -18 -14 -6 4 16 18 26 24 34 36 48 39 25 -5 -9 -25 -29 -29 -29 -25 -27 -27 -33 -31 -23 -31 -17 -7 3 5 3 15 29 29 35 43 55 47 31 9 -7 -21 -35 -33 -25 -41 -37 -37 -41 -39 -37 -34 -20 -26 -8 -16 8 10 22 30 28 40 50 54 48 50 40 10 4 -10 -12 -20 -26 -30 -20 -20 -16 -10 -20 -18 -6 2 8 10 12 26 24 36 44 44 44 27 11 -7 -11 -15 -25 -23 -19 -27 -27 -37 -39 -33 -29 -13
2026-08-08 08:39:50,58,6 8 12 14 18 28 24 18 0 -18 -34 -36 -36 -36 -34 -34 -38 -40 -27 -35 -17 -17 -17 1 5 1 13 25 27 35 41 51 51 61 65 71 65 49 28 30 6 8 6 -2 12 10 6 2 6 14 8 18 28 18 30 40 48 46 59 59 67 65 79 81 71 61 47 35 13 9 9 -3 7 -1 3 -1 3 6 4 10 6 22 18 26 40 42 42 48 52 46 34 18 14 -12 -18 -32 -22 -33 -27 -39 -39 -27 -33 -37 -27 -35 -17 -9 -19 -17 -7 3 -3 11 9 1 -12 -22 -48 -54 -68 -66 -64 -72 -62 -68 -66 -66 -66 -52 -60 -48 -44 -28 -34 -28 -19 -17 -9 1 -7 11 11 19 -7 -33 -41 -47 -63 -59 -55 -65 -65 -57 -65 -64 -58 -50 -38 -40 -34 -30 -24 -26 -8 -12 -2 0 -18 -24 -44 -58 -70 -68 -68 -65 -63 -67 -67 -65 -53 -49 -43 -37 -25 -9 -23 -5 1 13 15 19 23 37 29 8 0 -12 -32 -42 -34 -38 -36 -32 -30 -28 -22 -20 -18 -4 4 -4 12 18 27 29 31 43 47 55 57 55 63 55 57 39 35 19 15 15 1 15 3 12 12 6 16 10 28 30 40 46 46 62 64 70 66 86 88 84 64 48 36 31 29 23
2026-08-08 08:48:25,51,-73 -58 -70 -56 -46 -41 -43 -31 -21 -25 -22 -12 -6 2 10 9 11 5 -13 -39 -30 -40 -38 -36 -37 -41 -41 -41 -33 -30 -32 -24 -26 -12 -15 7 1 7 21 20 24 26 32 21 11 5 -23 -19 -26 -32 -34 -22 -32 -21 -27 -23 -11 -3 -8 8 14 16 25 33 41 35 39 52 54 66 66 72 77 55 35 23 12 2 6 6 2 13 1 17 1 15 8 18 24 22 34 35 31 37 49 48 50 62 56 66 71 85 63 53 25 16 -4 0 -8 -7 1 -13 -21 -19 0 -6 -8 4 10 9 11 13 23 21 36 36 26 34 33 21 -3 -7 -25 -38 -44 -28 -34 -46 -33 -37 -47 -45 -31 -32 -26 -20 -10 1 1 7 13 11 22 32 32 46 34 45 41 23 7 -8 -16 -16 -44 -34 -41 -47 -35 -39 -41 -42 -36 -34 -38 -24 -21 -5 -1 -1 0 20 12 8 20 31 25 31 35 43 54 50 38 6 -4 -13 -13 -23 -23 -28 -32 -24 -22 -30 -23 -23 -21 -13 -13 -6 6 0 6 10 13 13 19 23 20 32 36 40 40 43 45 37 17 3 -24 -32 -36 -38 -49 -39 -35 -45 -47 -38 -40 -32 -36 -36 -13 -15 -5 -17 -5 -2 6 2 10 15 13 -7 -17 -43
2026-08-08 08:57:11,63,-35 -45 -31 -33 -41 -31 -39 -44 -42 -26 -20 -24 -22 -18 -14 -14 -13 -23 -27 -33 -37 -29 -41 -27 -25 -28 -24 -22 -20 -8 -14 -12 -6 -7 -5 -3 -5 -7 -11 -19 -23 -33 -34 -24 -36 -32 -28 -26 -38 -32 -33 -29 -27 -19 -17 -19 -9 -11 -5 -4 -6 6 6 6 -6 -20 -6 -8 -13 -17 -11 -17 -23 -15 -17 -15 -10 -2 -8 -8 -12 -4 4 12 8 3 11 9 13 21 13 3 1 3 -2 18 -8 -4 8 6 12 18 15 21 19 23 29 35 39 31 41 38 42 42 44 42 36 30 30 20 35 29 29 29 39 39 33 33 34 30 42 52 30 48 44 54 52 49 53 45 41 47 37 41 33 42 38 30 50 40 38 46 38 46 49 45 51 45 53 45 49 37 33 26 38 28 34 40 42 24 32 37 31 37 39 27 43 35 43 43 48 50 52 40 38 16 24 12 11 5 -3 9 9 7 -1 -7 -9 4 -2 12 -6 -2 14 10 12 16 -13 -15 -27 -17 -25 -37 -29 -37 -40 -28 -22 -36 -34 -32 -24 -32 -34 -29 -23 -17 -15 -21 -31 -37 -61 -45 -54 -56 -50 -56 -58 -48 -56 -52 -53 -57 -43 -43 -43 -41 -33 -39 -35 -54 -42 -58 -52 -58 -64 -70
2026-08-08 09:07:07,66,-6 -8 -8 -8 -10 -10 -9 -8 -8 -7 -10 -6 -5 -1 -2 -1 3 3 7 3 2 -5 -5 -6 -6 -9 -8 -8 -9 -8 -9 -4 -7 -6 -4 -3 -3 1 2 2 4 6 3 3 -1 -4 -4 -2 -4 -4 -2 -5 -5 -3 -2 -3 0 1 4 7 7 8 9 12 11 7 5 1 2 2 3 2 3 -1 0 1 0 5 6 7 9 7 10 13 10 5 4 1 -2 -4 -4 -4 -5 -5 -5 -5 -6 -4 -4 -2 1 0 3 3 4 7 6 4 0 -5 -6 -8 -7 -10 -9 -13 -12 -9 -10 -9 -10 -6 -5 -5 -2 0 2 3 4 5 5 0 -2 -4 -4 -7 -9 -9 -7 -9 -8 -7 -4 -3 -1 -1 0 2 5 5 9 9 11 10 7 4 1 0 2 0 1 2 4 4 6 5 4 6 8 12 10 12 16 14 13 13 10 10 4 4 4 3 4 5 2 2 1 3 5 5 5 8 8 11 15 13 16 17 14 11 4 2 0 0 1 -1 -3 -4 -1 -2 -4 -2 -1 0 -2 2 4 3 6 9 9 13 11 9 6 6 1 -3 -2 -2 -6 -5 -4 -6 -6 -5 -3 -2 -1 0 2 4 5 0 -2 -4 -2 -6 -9 -14 -20 -27 -32 -42 -56 -77
2026-08-08 09:37:20,84,60 61 64 66 64 63 51 36 25 13 3 4 -1 1 -10 -9 -9 -8 -16 -9 -7 -9 -9 -12 -9 -24 -34 -35 -39 -43 -39 -38 -38 -38 -39 -33 -33 -29 -23 -23 -18 -15 -12 -22 -32 -38 -43 -46 -41 -37 -42 -41 -36 -34 -30 -31 -24 -18 -17 -12 -6 -6 -13 -30 -25 -33 -37 -33 -33 -34 -31 -32 -31 -27 -27 -22 -21 -21 -12 -14 -15 -22 -26 -29 -31 -30 -31 -31 -26 -23 -18 -20 -14 -6 5 7 12 23 32 29 25 25 21 22 24 26 26 30 31 37 40 46 48 50 59 56 63 61 48 50 45 49 42 40 47 41 44 41 48 46 52 50 52 58 58 48 43 39 30 34 32 37 29 28 31 37 33 35 41 41 47 41 38 27 21 16 12 12 5 5 -1 1 1 2 8 7 10 12 15 10 6 -3 -13 -16 -16 -19 -22 -17 -20 -18 -15 -19 -11 -9 -5 -1 -2 -7 -14 -21 -20 -25 -26 -22 -25 -21 -18 -20 -16 -14 -11 -8 -4 -1 -7 -17 -22 -23 -22 -30 -25 -27 -19 -18 -19 -21 -14 -5 -12 -2 -3 4 4 -5 -11 -17 -21 -21 -22 -21 -19 -20 -17 -10 -12 -10 -7 -4 0 6 5 11 8 4 -9 -7 -14 -18 -14 -12 -13 -13 -10 -5 -5 -5
2026-08-08 09:48:47,74,-13 -4 -7 -4 -13 -11 -5 0 -3 -1 -2 1 4 6 -4 -20 -30 -35 -41 -47 -45 -47 -49 -46 -52 -48 -43 -53 -51 -50 -44 -38 -36 -30 -31 -40 -40 -43 -45 -50 -43 -41 -39 -33 -25 -26 -22 -21 -23 -17 -17 -13 -12 -6 -8 -7 -19 -22 -29 -33 -35 -39 -44 -42 -46 -41 -34 -38 -28 -26 -15 -17 -11 -5 2 4 -4 -4 -7 -6 3 8 11 19 19 25 27 31 27 38 40 43 47 44 45 46 36 25 28 24 20 18 22 26 18 21 27 24 26 30 39 43 47 58 64 71 63 57 44 40 35 34 31 37 38 38 33 30 33 37 40 47 56 56 63 72 74 71 67 62 58 51 55 50 49 51 43 41 35 31 34 39 38 43 50 42 48 51 51 36 37 30 19 15 20 19 17 18 22 24 28 35 35 39 41 39 40 33 28 16 3 -4 -6 -13 -17 -12 -19 -13 -13 -15 -10 -13 -15 -14 -16 -11 -8 -7 -7 -11 -13 -15 -15 -12 -10 -3 -5 -4 0 2 7 6 5 4 5 13 6 -3 -12 -21 -31 -34 -45 -46 -54 -50 -56 -53 -59 -60 -61 -55 -57 -53 -50 -50 -46 -50 -52 -59 -61 -61 -66 -64 -64 -58 -52 -47 -40 -31 -20 -19 -2 0 8 12
2026-08-08 09:58:25,78,-63 -66 -67 -68 -67 -65 -65 -60 -61 -57 -57 -54 -50 -50 -50 -56 -59 -66 -69 -66 -69 -75 -69 -68 -75 -68 -63 -59 -50 -43 -39 -29 -22 -10 -13 -16 -18 -15 -13 -7 -10 -10 -9 -6 -7 -2 -4 -4 3 3 6 8 10 7 1 -1 -1 -8 -6 -5 0 4 5 10 11 9 16 16 15 25 21 24 27 21 18 18 20 19 15 22 25 30 32 33 42 40 42 49 53 58 60 55 52 45 46 43 36 35 40 34 39 35 37 36 38 41 44 44 44 55 49 45 41 34 32 35 35 36 31 28 33 37 36 33 33 43 43 44 41 32 27 18 19 14 7 4 11 8 13 18 24 30 39 53 64 75 76 77 71 63 64 58 52 52 49 44 44 42 40 48 43 43 39 39 42 37 35 24 17 7 2 -7 -6 -7 -8 -12 -11 -11 -2 -6 -2 6 11 13 13 23 23 7 4 -10 -14 -20 -18 -14 -15 -18 -10 -16 -6 -5 -3 0 -1 -2 3 3 2 3 -7 -7 -13 -11 -15 -22 -24 -22 -18 -23 -23 -16 -17 -24 -19 -29 -25 -24 -25 -35 -44 -51 -56 -59 -60 -57 -61 -59 -67 -61 -63 -55 -58 -60 -56 -52 -48 -41 -35 -35 -36 -40 -45 -40 -38 -38 -44 -35
2026-08-08 10:07:14,64,1 -6 -13 -25 -32 -25 -20 -7 -2 -3 4 5 4 -5 -21 -26 -21 -16 -37 -20 -33 -28 -29 -18 -7 -2 -2 5 4 -7 -6 -13 -22 -29 -18 -25 -22 -24 -27 -14 -11 -2 -7 2 5 -2 1 -6 -5 -17 -12 -21 -18 -15 -10 -17 -24 -17 -8 -9 -3 -8 5 14 21 28 31 34 45 44 43 34 26 21 18 23 10 7 14 13 10 21 16 16 37 32 47 52 51 52 63 64 77 68 66 59 50 43 32 27 36 19 26 37 18 31 27 30 41 48 41 42 59 54 67 62 77 77 72 63 44 35 32 27 26 19 18 11 12 0 15 20 17 14 9 14 17 34 17 18 12 -9 -26 -21 -34 -41 -42 -45 -56 -55 -56 -50 -45 -50 -51 -44 -33 -38 -23 -24 -27 -14 -29 -43 -48 -65 -68 -71 -70 -75 -72 -81 -78 -69 -87 -84 -77 -62 -65 -50 -53 -56 -37 -32 -31 -32 -32 -53 -54 -67 -68 -75 -72 -67 -70 -67 -68 -76 -61 -54 -57 -54 -47 -44 -27 -16 -13 0 1 11 16 23 8 3 2 -5 0 -9 -14 1 5 4 5 14 7 6 25 22 27 26 47 45 52 59 58 65 46 45 32 35 28 21 32 30 29 16 47 34 43 42 49 54 59 62 78 87
2026-08-08 10:19:40,82,-23 -23 -20 -20 -19 -20 -21 -17 -16 -20 -23 -28 -29 -34 -33 -30 -32 -34 -30 -29 -28 -32 -30 -33 -31 -32 -32 -30 -31 -35 -40 -43 -51 -53 -59 -58 -59 -59 -60 -62 -64 -67 -66 -60 -46 -31 -23 -5 11 31 45 46 49 43 36 32 27 28 27 25 21 21 18 19 19 21 21 19 18 14 8 2 -3 -9 -16 -25 -37 -36 -33 -29 -19 -5 8 18 30 37 37 37 35 31 34 35 33 29 26 32 34 36 36 38 37 37 39 40 45 41 43 40 33 32 33 30 28 28 28 30 31 33 32 33 36 36 39 42 43 42 37 33 29 27 24 24 22 26 26 24 23 23 25 25 27 30 34 33 30 25 22 16 15 16 17 16 16 17 17 16 18 20 21 23 25 27 24 18 12 7 1 -4 -4 -6 -4 -1 5 5 8 9 10 8 11 10 7 1 -2 -6 -9 -10 -8 -12 -10 -9 -8 -8 -9 -7 -9 -8 -6 -2 -4 -6 -12 -14 -19 -21 -24 -27 -28 -30 -28 -28 -24 -21 -12 -11 -8 -8 -3 -4 -10 -13 -17 -21 -17 -20 -20 -19 -21 -22 -20 -18 -16 -15 -14 -12 -11 -12 -16 -26 -27 -25 -27 -28 -29 -29 -31 -29 -27 -25 -24 -23 -22 -20 -18 -22 -24 -32
